user1,3be855c1d3eab2c006d7fa67ff3e356e
user1,e751be6fdbaec76c266146b05fd087dd
user1,db8d483193ee9af452730221c86bd63b
user1,2d05c8296efa88bb153b35031997a3c9
user1,7363d9add7eae49d2f26843aee2896c5
user1,bf5596fad39dedd5619e7fc01310cffe
user1,bdd7ef80aa9043e5562f74f227786db1
user1,dd9b41542f4a38a5a7e2ab36c0308443
user1,b98ec14af04ae2b899211a031bb4afc5
user1,f7e5106da8f5f5ca22572d6a0f3248e1
user1,c200c8e95eced019bc614bf72b4af28b
user1,968fbc379b034811adb00302e50b9565
user1,c8482e681d62c026e16c80df0ad78495
user1,08f6bf699088b109669eba754dcdf63d
